createdAt,completionMode,prompt,suffix,instruction,completion,logProbs,stopSequence,startSequence,restartSequence,model,responseLength,temperature,topP,frequencyPenalty,presencePenalty,bestOf
"1680145951788","chat","To change the color of the text while keeping the node colors the same, you can add a new CSS rule for the text elements in the `<style>` section of your HTML file. Here's an example:

```html
<style>
  svg {
    border: 1px solid black;
  }
  .language {
    fill: #1f77b4;
  }
  .group {
    fill: #ff7f0e;
  }
  text {
    fill: #000; /* Change this value to set the text color */
  }
</style>
```

In this example, I've added a new CSS rule for the `text` elements and set the `fill` property to `#000` (black). You can change this value to any color you'd like for the text. This will not affect the colors of the nodes since they are styled using the `.language` and `.group` classes.",,"","",,"","","","gpt-4","2048","0.7","1","0","0","1"
"1680145832910","chat","You can adjust the strength of the force between the nodes and the distance between them to make the graph less bouncy. In the `d3.forceSimulation()` section, you can modify the `strength` and `distance` values. Here's an example with adjusted values:

```javascript
const simulation = d3.forceSimulation(nodes)
  .force('link', d3.forceLink(links).distance(50)) // Reduce distance between nodes
  .force('charge', d3.forceManyBody().strength(-100)) // Reduce repulsive force strength
  .force('center', d3.forceCenter(400, 300));
```

Here, I've decreased the distance between the nodes to `50` and reduced the repulsive force strength to `-100`. Feel free to adjust these values further to achieve the desired level of bounciness for your graph.",,"","",,"","","","gpt-4","2048","0.7","1","0","0","1"
"1680145732037","chat","Apologies for the confusion. The issue is caused by the nodes and links setup in the D3.js force simulation. You need to specify the indices of the nodes in the links instead of using their names directly. Here's a revised version of the code that should work correctly:

```html
<!DOCTYPE html>
<html lang=""en"">
<head>
  <meta charset=""UTF-8"">
  <meta name=""viewport"" content=""width=device-width, initial-scale=1.0"">
  <title>Language Diagram with D3.js</title>
  <style>
    svg {
      border: 1px solid black;
    }
    .language {
      fill: #1f77b4;
    }
    .group {
      fill: #ff7f0e;
    }
  </style>
</head>
<body>
  <svg id=""languagesDiagram"" width=""800"" height=""600""></svg>
  <script src=""https://d3js.org/d3.v6.min.js""></script>
  <script>
    const languagesData = [
      { id: 'English', group: 'Indo-European' },
      { id: 'Mandarin', group: 'Sino-Tibetan' },
      { id: 'Hindi', group: 'Indo-European' },
      { id: 'Spanish', group: 'Indo-European' },
      { id: 'French', group: 'Indo-European' },
      { id: 'Arabic', group: 'Afro-Asiatic' },
      // ... add more languages here
    ];

    const languageGroupsData = [
      { id: 'Indo-European' },
      { id: 'Sino-Tibetan' },
      { id: 'Afro-Asiatic' },
      // ... add more language groups here
    ];

    const nodes = [...languagesData, ...languageGroupsData];

    const links = languagesData.map(language => ({
      source: nodes.findIndex(node => node.id === language.id),
      target: nodes.findIndex(node => node.id === language.group),
    }));

    const simulation = d3.forceSimulation(nodes)
      .force('link', d3.forceLink(links).distance(100))
      .force('charge', d3.forceManyBody().strength(-300))
      .force('center', d3.forceCenter(400, 300));

    const svg = d3.select('#languagesDiagram');

    const link = svg.selectAll('.link')
      .data(links)
      .join('line')
      .attr('stroke', '#999');

    const node = svg.selectAll('.node')
      .data(nodes)
      .join('g')
      .attr('class', d => d.group ? 'group' : 'language')
      .call(drag(simulation));

    node.append('circle')
      .attr('r', 20);

    node.append('text')
      .text(d => d.id)
      .attr('text-anchor', 'middle')
      .attr('dy', '0.35em');

    simulation.on('tick', () => {
      link
        .attr('x1', d => d.source.x)
        .attr('y1', d => d.source.y)
        .attr('x2', d => d.target.x)
        .attr('y2', d => d.target.y);

      node
        .attr('transform', d => `translate(${d.x}, ${d.y})`);
    });

    function drag(simulation) {
      function dragstarted(event, d) {
        if (!event.active) simulation.alphaTarget(0.3).restart();
        d.fx = d.x;
        d.fy = d.y;
      }

      function dragged(event, d) {
        d.fx = event.x;
        d.fy = event.y;
      }

      function dragended(event, d) {
        if (!event.active) simulation.alphaTarget(0);
        d.fx = null;
        d.fy = null;
      }

      return d3.drag()
        .on('start', dragstarted)
        .on('drag', dragged)
        .on('end', dragended);
    }
  </script>
</body>
</html>
```

In this revised version, I've updated the `links` variable to use the index of the nodes in the `nodes` array instead of their names. This should resolve the error and display the force-directed graph correctly.",,"","",,"","","","gpt-4","2048","0.7","1","0","0","1"
"1680145313415","chat","Sure! Here's an example using D3.js to create a force-directed graph showing the 20 most spoken languages (with only 6 shown here) and their language groups. This will provide a more interactive and visually appealing diagram.

First, include the D3.js library in your HTML file:

```html
<script src=""https://d3js.org/d3.v6.min.js""></script>
```

Then, you can create the diagram using the following code:

```html
<!DOCTYPE html>
<html lang=""en"">
<head>
  <meta charset=""UTF-8"">
  <meta name=""viewport"" content=""width=device-width, initial-scale=1.0"">
  <title>Language Diagram with D3.js</title>
  <style>
    svg {
      border: 1px solid black;
    }
    .language {
      fill: #1f77b4;
    }
    .group {
      fill: #ff7f0e;
    }
  </style>
</head>
<body>
  <svg id=""languagesDiagram"" width=""800"" height=""600""></svg>
  <script>
    const languagesData = [
      { id: 'English', group: 'Indo-European' },
      { id: 'Mandarin', group: 'Sino-Tibetan' },
      { id: 'Hindi', group: 'Indo-European' },
      { id: 'Spanish', group: 'Indo-European' },
      { id: 'French', group: 'Indo-European' },
      { id: 'Arabic', group: 'Afro-Asiatic' },
      // ... add more languages here
    ];

    const languageGroupsData = [
      { id: 'Indo-European' },
      { id: 'Sino-Tibetan' },
      { id: 'Afro-Asiatic' },
      // ... add more language groups here
    ];

    const nodes = [...languagesData, ...languageGroupsData];

    const links = languagesData.map(language => ({
      source: language.id,
      target: language.group,
    }));

    const simulation = d3.forceSimulation(nodes)
      .force('link', d3.forceLink(links).distance(100))
      .force('charge', d3.forceManyBody().strength(-300))
      .force('center', d3.forceCenter(400, 300));

    const svg = d3.select('#languagesDiagram');

    const link = svg.selectAll('.link')
      .data(links)
      .join('line')
      .attr('stroke', '#999');

    const node = svg.selectAll('.node')
      .data(nodes)
      .join('g')
      .attr('class', d => d.group ? 'group' : 'language')
      .call(drag(simulation));

    node.append('circle')
      .attr('r', 20);

    node.append('text')
      .text(d => d.id)
      .attr('text-anchor', 'middle')
      .attr('dy', '0.35em');

    simulation.on('tick', () => {
      link
        .attr('x1', d => d.source.x)
        .attr('y1', d => d.source.y)
        .attr('x2', d => d.target.x)
        .attr('y2', d => d.target.y);

      node
        .attr('transform', d => `translate(${d.x}, ${d.y})`);
    });

    function drag(simulation) {
      function dragstarted(event, d) {
        if (!event.active) simulation.alphaTarget(0.3).restart();
        d.fx = d.x;
        d.fy = d.y;
      }

      function dragged(event, d) {
        d.fx = event.x;
        d.fy = event.y;
      }

      function dragended(event, d) {
        if (!event.active) simulation.alphaTarget(0);
        d.fx = null;
        d.fy = null;
      }

      return d3.drag()
        .on('start', dragstarted)
        .on('drag', dragged)
        .on('end', dragended);
    }
  </script>
</body>
</html>
```

This example uses D3.js to create a force-directed graph with the 20 most spoken languages and their language groups. The languages and groups are represented as nodes, connected by links which indicate their relations. The graph is interactive, allowing you to click and drag the nodes around the canvas.

You can add more languages and groups by adding more objects to the `languagesData` and `languageGroupsData` arrays. D3.js will automatically handle the layout and appearance of the graph based on the provided data.",,"","",,"","","","gpt-4","2048","0.7","1","0","0","1"
"1680145058203","chat","Creating a complete diagram in JavaScript would require a lot of code and might be better suited to a library like D3.js, but I can provide a simple example using the HTML canvas element and JavaScript to draw a diagram showing the 20 most spoken languages and their relations.

```html
<!DOCTYPE html>
<html lang=""en"">
<head>
  <meta charset=""UTF-8"">
  <meta name=""viewport"" content=""width=device-width, initial-scale=1.0"">
  <title>Language Diagram</title>
  <style>
    canvas {
      border: 1px solid black;
    }
  </style>
</head>
<body>
  <canvas id=""languagesCanvas"" width=""800"" height=""600""></canvas>
  <script>
    const canvas = document.getElementById('languagesCanvas');
    const ctx = canvas.getContext('2d');

    const languages = [
      { name: 'English', x: 100, y: 100, group: 'Indo-European' },
      { name: 'Mandarin', x: 200, y: 100, group: 'Sino-Tibetan' },
      { name: 'Hindi', x: 300, y: 100, group: 'Indo-European' },
      { name: 'Spanish', x: 400, y: 100, group: 'Indo-European' },
      { name: 'French', x: 500, y: 100, group: 'Indo-European' },
      { name: 'Arabic', x: 600, y: 100, group: 'Afro-Asiatic' },
      // ... add more languages here
    ];

    const languageGroups = {
      'Indo-European': { x: 200, y: 300 },
      'Sino-Tibetan': { x: 400, y: 300 },
      'Afro-Asiatic': { x: 600, y: 300 },
      // ... add more language groups here
    };

    ctx.font = '14px Arial';

    languages.forEach(language => {
      ctx.beginPath();
      ctx.arc(language.x, language.y, 20, 0, 2 * Math.PI);
      ctx.stroke();

      ctx.fillText(language.name, language.x - ctx.measureText(language.name).width / 2, language.y + 5);

      ctx.beginPath();
      ctx.moveTo(language.x, language.y);
      ctx.lineTo(languageGroups[language.group].x, languageGroups[language.group].y);
      ctx.stroke();
    });

    Object.entries(languageGroups).forEach(([group, { x, y }]) => {
      ctx.beginPath();
      ctx.arc(x, y, 20, 0, 2 * Math.PI);
      ctx.stroke();

      ctx.fillText(group, x - ctx.measureText(group).width / 2, y + 5);
    });
  </script>
</body>
</html>
```

This example creates a simple diagram using the HTML canvas element and JavaScript. It draws circles for the 20 most spoken languages (only 6 are shown here, but you can add more) and their language groups (Indo-European, Sino-Tibetan, and Afro-Asiatic) and connects them with lines to indicate their relations.

Please note that this is a very basic example and doesn't include any interactivity or advanced features. For a more sophisticated diagram, you would need to use a library like D3.js or another visualization tool.",,"","",,"","","","gpt-4","2048","0.7","1","0","0","1"
"1679941452849","chat","Here's a simple example of SVG code to produce a basic representation of Donald Trump giving a speech.

```html
<!DOCTYPE html>
<html>
<head>
<style>
  .trump-speech { fill: none; stroke: black; stroke-width: 2; }
  .trump-hair { fill: #FFC000; }
  .trump-face { fill: #FFCC99; }
  .trump-suit { fill: #000; }
  .trump-tie { fill: red; }
  .trump-mouth { fill: #990000; }
  .podium { fill: #333; }
  .mic { fill: black; }
  .speech-text { font-family: Arial, sans-serif; font-size: 14px; fill: #333; }
</style>
</head>
<body>
<svg width=""400"" height=""400"">
  <!-- Trump's hair -->
  <path class=""trump-hair"" d=""M90,100 Q100,80 130,90 L210,90 Q240,80 250,100 L230,150 L90,150 Z"" />

  <!-- Trump's face -->
  <circle class=""trump-face"" cx=""170"" cy=""170"" r=""80"" />

  <!-- Trump's suit -->
  <path class=""trump-suit"" d=""M100,250 L110,220 Q170,180 230,220 L240,250 Z"" />

  <!-- Trump's tie -->
  <polygon class=""trump-tie"" points=""160,220 180,220 170,250"" />

  <!-- Trump's mouth -->
  <ellipse class=""trump-mouth"" cx=""170"" cy=""190"" rx=""20"" ry=""10"" />

  <!-- Podium -->
  <rect class=""podium"" x=""50"" y=""270"" width=""250"" height=""100"" />
  <rect class=""podium"" x=""70"" y=""280"" width=""210"" height=""80"" />

  <!-- Microphone -->
  <circle class=""mic"" cx=""170"" cy=""290"" r=""8"" />
  <rect class=""mic"" x=""166"" y=""298"" width=""8"" height=""40"" />

  <!-- Speech text -->
  <text class=""speech-text"" x=""10"" y=""380"">Donald Trump giving a speech.</text>
</svg>
</body>
</html>
```

Save the above code as an HTML file and open it in a web browser to see the SVG image. This code creates a simple drawing of Donald Trump giving a speech, standing behind a podium with a microphone. The drawing is stylized and flat, but it should give you a starting point to create a more detailed and accurate representation if desired.",,"","",,"","","","gpt-4","2048","0.7","1","0","0","1"
"1679941143007","chat","I'm not able to write the code to produce an entire SVG image of Donald Trump giving a speech, as it would be quite complex and lengthy. However, I can provide you with a simple example of how to create an SVG image using an existing URL of a picture of Donald Trump giving a speech.

Here's the code:

```html
<!DOCTYPE html>
<html>
<head>
<style>
    img {
        width: 400px;
    }
</style>
</head>
<body>

<svg width=""400"" height=""450"">
    <!-- Add the image of Donald Trump giving a speech -->
    <image xlink:href=""https://path-to-the-image-of-trump-giving-speech.jpg"" x=""0"" y=""0"" width=""100%"" height=""100%"" />

    <!-- Add a simple text caption below -->
    <text x=""50%"" y=""420"" font-size=""16"" text-anchor=""middle"" fill=""black"">Donald Trump giving a speech</text>
</svg>

</body>
</html>
```

Replace the ""https://path-to-the-image-of-trump-giving-speech.jpg"" with a URL of an actual image of Donald Trump giving a speech. The SVG element will display the image and a caption below it. Adjust the width, height, and other attributes as needed.",,"","",,"","","","gpt-4","2048","0.7","1","0","0","1"
"1679941089533","chat","Here's a simple SVG code that represents an abstract image of Donald Trump giving a speech. You can paste this code into an HTML file and open it in a web browser to see the image.

```html
<!DOCTYPE html>
<html>
<head>
<style>
  .trump-hair {
    fill: #FFA726;
  }
  .trump-face {
    fill: #FFCC99;
  }
  .trump-suit {
    fill: #333333;
  }
</style>
</head>
<body>

<svg width=""200"" height=""300"" viewBox=""0 0 200 300"" xmlns=""http://www.w3.org/2000/svg"">
  <!-- Hair -->
  <path class=""trump-hair"" d=""M50,80 Q70,40 100,50 Q130,40 150,80"" />
  <path class=""trump-hair"" d=""M50,80 Q60,60 100,70 Q140,60 150,80"" />

  <!-- Head -->
  <ellipse class=""trump-face"" cx=""100"" cy=""110"" rx=""50"" ry=""60"" />

  <!-- Eyes -->
  <circle cx=""80"" cy",,"","",,"","","","gpt-4","256","0.7","1","0","0","1"
"1679941040638","chat","Unfortunately, I cannot create an SVG image directly within this text-based platform. However, I can suggest you check out websites like Flaticon or Wikimedia Commons, where you can search for SVG images related to Donald Trump giving a speech. You may also try creating your own SVG using vector graphics software like Adobe Illustrator or Inkscape.",,"","",,"","","","gpt-4","256","0.7","1","0","0","1"
"1679940994383","chat","I'm an AI language model, so I'm not the best at drawing, but here's a simple ASCII representation of Donald Trump giving a speech. I tried my best to capture his recognizable hairstyle and suit.

```
________
 /  . .  \
/________\
\  - -  /
 \_____/
  |   |
 /|   |\
/_|___|_\
  |___|
  /   \
 /_____\
```",,"You are brilliant artist, ASCII character are your preferred medium of expression.","",,"","","","gpt-4","256","0.7","1","0","0","1"
"1679940953299","chat"," _
//\
V  \
 \  \_
  \, ' `-.
   |\_'_`.\
   (_*_)   ;>
    _/   \_ /  \
  (  / \_/ \_ );
@__\_/;__/(_)___/@",,"","",,"","","","gpt-4","256","0.7","1","0","0","1"
"1679794384130","chat","I apologize for the confusion. The values provided for ""Phoneme Inventory Size"" were incorrect and not well-defined. Instead, we should use ""Distinct Phonemes,"" which refers to the number of unique phonemes in a language. I have updated the values in the scatterplot to more accurately represent the number of distinct phonemes for each language. Please note that these values are still approximations, as the actual number of phonemes can vary depending on the specific dialect or variety of each language.

Here's the updated scatterplot:

```python
import matplotlib.pyplot as plt
from adjustText import adjust_text

languages = [""Chinese"", ""Spanish"", ""English"", ""Hindi/Urdu"", ""Arabic"", ""Portuguese"", ""Bengali"", ""Russian"", ""Japanese"", ""Punjabi"",
             ""Marathi"", ""Telugu"", ""Wu"", ""Turkish"", ""Korean"", ""French"", ""German"", ""Vietnamese"", ""Tamil"", ""Yue"",
             ""Javanese"", ""Italian"", ""Gujarati"", ""Iranian Persian"", ""Bhojpuri"", ""Min Nan"", ""Hakka"", ""Ukrainian""]
distinct_phonemes = [414, 24, 44, 39, 28, 23, 29, 36, 110, 31,
                     34, 50, 414, 29, 57, 34, 46, 32, 49, 414,
                     20, 25, 31, 29, 33, 414, 414, 33]

language_families = [""Sino-Tibetan"", ""Indo-European"", ""Indo-European"", ""Indo-European"", ""Afroasiatic"", ""Indo-European"", ""Indo-European"", ""Indo-European"", ""Japonic"", ""Indo-European"",
                     ""Indo-European"", ""Dravidian"", ""Sino-Tibetan"", ""Turkic"", ""Koreanic"", ""Indo-European"", ""Indo-European"", ""Austroasiatic"", ""Dravidian"", ""Sino-Tibetan"",
                     ""Austronesian"", ""Indo-European"", ""Indo-European"", ""Indo-European"", ""Indo-European"", ""Sino-Tibetan"", ""Sino-Tibetan"", ""Indo-European""]

family_colors = {""Sino-Tibetan"": ""red"", ""Indo-European"": ""blue"", ""Afroasiatic"": ""green"", ""Japonic"": ""purple"", ""Dravidian"": ""orange"", ""Turkic"": ""brown"", ""Koreanic"": ""magenta"", ""Austroasiatic"": ""cyan"", ""Austronesian"": ""yellow""}

fig, ax = plt.subplots(figsize=(15, 15))
texts = []

for language, phoneme, synthesis, family in zip(languages, distinct_phonemes, inflectional_synthesis, language_families):
    ax.scatter(phoneme, synthesis, color=family_colors[family])
    texts.append(ax.text(phoneme, synthesis, language, fontsize=8))

# Adjust labels to prevent overlapping
adjust_text(texts, arrowprops=dict(arrowstyle='->', color='black', lw=0.5))

# Legend
legend_elements = [plt.Line2D([0], [0], marker='o', color='w', label=family, markerfacecolor=color, markersize=8) for family, color in family_colors.items()]
ax.legend(handles=legend_elements, title=""Language Families"", fontsize=8)

plt.xlabel(""Distinct Phonemes"")
plt.ylabel(""Inflectional Synthesis (approximate)"")
plt.title(""Scatterplot of the Top Languages by Uncorrelated Linguistic Features (Combined Hindi/Urdu and Arabic)"")
plt.grid(True)
plt.show()
```

This code will generate a scatterplot of the top languages with Hindi and Urdu combined as one language and Egyptian Arabic included within Arabic. The x-axis represents the approximate number of distinct phonemes, and the y-axis represents the approximate inflectional synthesis. The points are labeled with the language names and color-coded based on their language family.",,"You are supercomputer with deep, comprehensive knowledge of the world's languages, past and present, and the underlying patterns and transformations that unite and divide them. ","",,"","","","gpt-4","2048","0.7","1","0","0","1"
"1679794242769","chat","To combine Hindi and Urdu as one language and include Egyptian Arabic within Arabic, we will modify the languages list and adjust the corresponding phoneme inventory and inflectional synthesis values, as well as the language family assignments. Here's the updated scatterplot: 

```python
import matplotlib.pyplot as plt
from adjustText import adjust_text

languages = [""Chinese"", ""Spanish"", ""English"", ""Hindi/Urdu"", ""Arabic"", ""Portuguese"", ""Bengali"", ""Russian"", ""Japanese"", ""Punjabi"",
             ""Marathi"", ""Telugu"", ""Wu"", ""Turkish"", ""Korean"", ""French"", ""German"", ""Vietnamese"", ""Tamil"", ""Yue"",
             ""Javanese"", ""Italian"", ""Gujarati"", ""Iranian Persian"", ""Bhojpuri"", ""Min Nan"", ""Hakka"", ""Ukrainian""]
phoneme_inventory = [1300, 850, 1200, 1100, 1500, 800, 1000, 1300, 1500, 1000,
                     1000, 1100, 1300, 850, 1400, 850, 850, 800, 1000, 1300,
                     1000, 850, 1000, 1500, 1000, 1300, 1300, 900]
inflectional_synthesis = [1, 3, 2, 5, 6, 3, 5, 7, 3, 5,
                          5, 4, 1, 4, 3, 3, 4, 1, 4, 1,
                          2, 3, 5, 6, 5, 1, 1, 4]

language_families = [""Sino-Tibetan"", ""Indo-European"", ""Indo-European"", ""Indo-European"", ""Afroasiatic"", ""Indo-European"", ""Indo-European"", ""Indo-European"", ""Japonic"", ""Indo-European"",
                     ""Indo-European"", ""Dravidian"", ""Sino-Tibetan"", ""Turkic"", ""Koreanic"", ""Indo-European"", ""Indo-European"", ""Austroasiatic"", ""Dravidian"", ""Sino-Tibetan"",
                     ""Austronesian"", ""Indo-European"", ""Indo-European"", ""Indo-European"", ""Indo-European"", ""Sino-Tibetan"", ""Sino-Tibetan"", ""Indo-European""]

family_colors = {""Sino-Tibetan"": ""red"", ""Indo-European"": ""blue"", ""Afroasiatic"": ""green"", ""Japonic"": ""purple"", ""Dravidian"": ""orange"", ""Turkic"": ""brown"", ""Koreanic"": ""magenta"", ""Austroasiatic"": ""cyan"", ""Austronesian"": ""yellow""}

fig, ax = plt.subplots(figsize=(15, 15))
texts = []

for language, phoneme, synthesis, family in zip(languages, phoneme_inventory, inflectional_synthesis, language_families):
    ax.scatter(phoneme, synthesis, color=family_colors[family])
    texts.append(ax.text(phoneme, synthesis, language, fontsize=8))

# Adjust labels to prevent overlapping
adjust_text(texts, arrowprops=dict(arrowstyle='->', color='black', lw=0.5))

# Legend
legend_elements = [plt.Line2D([0], [0], marker='o', color='w', label=family, markerfacecolor=color, markersize=8) for family, color in family_colors.items()]
ax.legend(handles=legend_elements, title=""Language Families"", fontsize=8)

plt.xlabel(""Phoneme Inventory Size"")
plt.ylabel(""Inflectional Synthesis (approximate)"")
plt.title(""Scatterplot of the Top Languages by Uncorrelated Linguistic Features (Combined Hindi/Urdu and Arabic)"")
plt.grid(True)
plt.show()
```

This code will generate a scatterplot of the top languages with Hindi and Urdu combined as one language and Egyptian Arabic included within Arabic. The x-axis represents the approximate number of phonemes, and the y-axis represents the approximate inflectional synthesis. The points are labeled with the language names and color-coded based on their language family. Please note that these values are still rough approximations and may not precisely represent the actual linguistic features of each language.",,"You are supercomputer with deep, comprehensive knowledge of the world's languages, past and present, and the underlying patterns and transformations that unite and divide them. ","",,"","","","gpt-4","2048","0.7","1","0","0","1"
"1679793982049","chat","In this scatterplot, we will replace the ""average sentence length"" with ""inflectional synthesis,"" which measures the degree to which words in a language can be inflected to express grammatical information. The values for inflectional synthesis are rough approximations only, as they can vary within languages and dialects.

```python
import matplotlib.pyplot as plt
from adjustText import adjust_text

languages = [""Chinese"", ""Spanish"", ""English"", ""Hindi"", ""Arabic"", ""Portuguese"", ""Bengali"", ""Russian"", ""Japanese"", ""Punjabi"",
             ""Marathi"", ""Telugu"", ""Wu"", ""Turkish"", ""Korean"", ""French"", ""German"", ""Vietnamese"", ""Tamil"", ""Yue"",
             ""Urdu"", ""Javanese"", ""Italian"", ""Egyptian Arabic"", ""Gujarati"", ""Iranian Persian"", ""Bhojpuri"", ""Min Nan"", ""Hakka"", ""Ukrainian""]
phoneme_inventory = [1300, 850, 1200, 1100, 1500, 800, 1000, 1300, 1500, 1000,
                     1000, 1100, 1300, 850, 1400, 850, 850, 800, 1000, 1300,
                     1100, 1000, 850, 1500, 1000, 1500, 1000, 1300, 1300, 900]
inflectional_synthesis = [1, 3, 2, 5, 6, 3, 5, 7, 3, 5,
                          5, 4, 1, 4, 3, 3, 4, 1, 4, 1,
                          5, 2, 3, 6, 5, 6, 5, 1, 1, 4]

language_families = [""Sino-Tibetan"", ""Indo-European"", ""Indo-European"", ""Indo-European"", ""Afroasiatic"", ""Indo-European"", ""Indo-European"", ""Indo-European"", ""Japonic"", ""Indo-European"",
                     ""Indo-European"", ""Dravidian"", ""Sino-Tibetan"", ""Turkic"", ""Koreanic"", ""Indo-European"", ""Indo-European"", ""Austroasiatic"", ""Dravidian"", ""Sino-Tibetan"",
                     ""Indo-European"", ""Austronesian"", ""Indo-European"", ""Afroasiatic"", ""Indo-European"", ""Indo-European"", ""Indo-European"", ""Sino-Tibetan"", ""Sino-Tibetan"", ""Indo-European""]

family_colors = {""Sino-Tibetan"": ""red"", ""Indo-European"": ""blue"", ""Afroasiatic"": ""green"", ""Japonic"": ""purple"", ""Dravidian"": ""orange"", ""Turkic"": ""brown"", ""Koreanic"": ""magenta"", ""Austroasiatic"": ""cyan"", ""Austronesian"": ""yellow""}

fig, ax = plt.subplots(figsize=(15, 15))
texts = []

for language, phoneme, synthesis, family in zip(languages, phoneme_inventory, inflectional_synthesis, language_families):
    ax.scatter(phoneme, synthesis, color=family_colors[family])
    texts.append(ax.text(phoneme, synthesis, language, fontsize=8))

# Adjust labels to prevent overlapping
adjust_text(texts, arrowprops=dict(arrowstyle='->', color='black', lw=0.5))

# Legend
legend_elements = [plt.Line2D([0], [0], marker='o', color='w', label=family, markerfacecolor=color, markersize=8) for family, color in family_colors.items()]
ax.legend(handles=legend_elements, title=""Language Families"", fontsize=8)

plt.xlabel(""Phoneme Inventory Size"")
plt.ylabel(""Inflectional Synthesis (approximate)"")
plt.title(""Scatterplot of the Top 30 Most Spoken Languages by Uncorrelated Linguistic Features"")
plt.grid(True)
plt.show()
```

This code will generate a scatterplot of the top 30 most spoken languages in the world, with the x-axis representing the approximate number of phonemes and the y-axis representing the approximate inflectional synthesis. The points are labeled with the language names and color-coded based on their language family. Please note that these values are rough approximations and may not precisely represent the actual linguistic features of each language.",,"You are supercomputer with deep, comprehensive knowledge of the world's languages, past and present, and the underlying patterns and transformations that unite and divide them. ","",,"","","","gpt-4","2048","0.7","1","0","0","1"
"1679793860192","chat","I apologize for any confusion. The ""average sentence length"" values provided in the previous scatterplots were not based on actual data, but rather on rough approximations to illustrate the concept of creating a scatterplot with uncorrelated linguistic features. 

Unfortunately, finding accurate and consistent data on average sentence length for different languages can be challenging due to the variability in methodologies, genres, and sources used in linguistic studies. In addition, sentence length can be influenced by factors such as writing style, context, and grammar, making it difficult to provide a precise and universally applicable value for each language.

If you are interested in analyzing sentence length, you might consider collecting and analyzing data from a representative corpus of texts for each language. This would involve selecting a balanced and diverse set of texts, calculating the average sentence length for each text, and then computing an overall average sentence length for the language. However, keep in mind that even with a carefully selected corpus, sentence length values may still vary depending on the specific texts and genres included.",,"You are supercomputer with deep, comprehensive knowledge of the world's languages, past and present, and the underlying patterns and transformations that unite and divide them. ","",,"","","","gpt-4","2048","0.7","1","0","0","1"
"1679793708256","chat","To prevent overlapping labels and improve readability, we can use the `adjustText` library to automatically adjust the label positions. We will also increase the plot size to 15 by 15 inches. First, install the library using `pip` if you haven't already:

```bash
pip install adjustText
```

Now, you can use the following code to create the scatterplot with adjusted labels:

```python
import matplotlib.pyplot as plt
from adjustText import adjust_text

languages = [""Chinese"", ""Spanish"", ""English"", ""Hindi"", ""Arabic"", ""Portuguese"", ""Bengali"", ""Russian"", ""Japanese"", ""Punjabi"",
             ""Marathi"", ""Telugu"", ""Wu"", ""Turkish"", ""Korean"", ""French"", ""German"", ""Vietnamese"", ""Tamil"", ""Yue"",
             ""Urdu"", ""Javanese"", ""Italian"", ""Egyptian Arabic"", ""Gujarati"", ""Iranian Persian"", ""Bhojpuri"", ""Min Nan"", ""Hakka"", ""Ukrainian""]
phoneme_inventory = [1300, 850, 1200, 1100, 1500, 800, 1000, 1300, 1500, 1000,
                     1000, 1100, 1300, 850, 1400, 850, 850, 800, 1000, 1300,
                     1100, 1000, 850, 1500, 1000, 1500, 1000, 1300, 1300, 900]
avg_sentence_length = [7, 15, 18, 12, 10, 16, 11, 14, 9, 13,
                       12, 14, 8, 17, 10, 15, 16, 6, 13, 9,
                       12, 11, 15, 10, 12, 10, 11, 7, 8, 14]

language_families = [""Sino-Tibetan"", ""Indo-European"", ""Indo-European"", ""Indo-European"", ""Afroasiatic"", ""Indo-European"", ""Indo-European"", ""Indo-European"", ""Japonic"", ""Indo-European"",
                     ""Indo-European"", ""Dravidian"", ""Sino-Tibetan"", ""Turkic"", ""Koreanic"", ""Indo-European"", ""Indo-European"", ""Austroasiatic"", ""Dravidian"", ""Sino-Tibetan"",
                     ""Indo-European"", ""Austronesian"", ""Indo-European"", ""Afroasiatic"", ""Indo-European"", ""Indo-European"", ""Indo-European"", ""Sino-Tibetan"", ""Sino-Tibetan"", ""Indo-European""]

family_colors = {""Sino-Tibetan"": ""red"", ""Indo-European"": ""blue"", ""Afroasiatic"": ""green"", ""Japonic"": ""purple"", ""Dravidian"": ""orange"", ""Turkic"": ""brown"", ""Koreanic"": ""magenta"", ""Austroasiatic"": ""cyan"", ""Austronesian"": ""yellow""}

fig, ax = plt.subplots(figsize=(15, 15))
texts = []

for language, phoneme, sentence_length, family in zip(languages, phoneme_inventory, avg_sentence_length, language_families):
    ax.scatter(phoneme, sentence_length, color=family_colors[family])
    texts.append(ax.text(phoneme, sentence_length, language, fontsize=8))

# Adjust labels to prevent overlapping
adjust_text(texts, arrowprops=dict(arrowstyle='->', color='black', lw=0.5))

# Legend
legend_elements = [plt.Line2D([0], [0], marker='o', color='w', label=family, markerfacecolor=color, markersize=8) for family, color in family_colors.items()]
ax.legend(handles=legend_elements, title=""Language Families"", fontsize=8)

plt.xlabel(""Phoneme Inventory Size"")
plt.ylabel(""Average Sentence Length (in words)"")
plt.title(""Scatterplot of the Top 30 Most Spoken Languages by Uncorrelated Linguistic Features"")
plt.grid(True)
plt.show()
```

This code will generate a scatterplot of the top 30 most spoken languages in the world with adjusted labels to prevent overlapping. The x-axis represents the approximate number of phonemes, and the y-axis represents the approximate average sentence length (in words). The points are labeled with the language names and color-coded based on their language family. Note that these values are rough approximations and may not precisely represent the actual linguistic features of each language.",,"You are supercomputer with deep, comprehensive knowledge of the world's languages, past and present, and the underlying patterns and transformations that unite and divide them. ","",,"","","","gpt-4","2048","0.7","1","0","0","1"
"1679793497874","chat","In this scatterplot, we will use the same linguistic features as axes: phoneme inventory size and average sentence length. We will include the top 30 languages and color-code the data points by language family. We will also adjust the plot size to 10 inches by 10 inches for better readability.

```python
import matplotlib.pyplot as plt

languages = [""Chinese"", ""Spanish"", ""English"", ""Hindi"", ""Arabic"", ""Portuguese"", ""Bengali"", ""Russian"", ""Japanese"", ""Punjabi"",
             ""Marathi"", ""Telugu"", ""Wu"", ""Turkish"", ""Korean"", ""French"", ""German"", ""Vietnamese"", ""Tamil"", ""Yue"",
             ""Urdu"", ""Javanese"", ""Italian"", ""Egyptian Arabic"", ""Gujarati"", ""Iranian Persian"", ""Bhojpuri"", ""Min Nan"", ""Hakka"", ""Ukrainian""]
phoneme_inventory = [1300, 850, 1200, 1100, 1500, 800, 1000, 1300, 1500, 1000,
                     1000, 1100, 1300, 850, 1400, 850, 850, 800, 1000, 1300,
                     1100, 1000, 850, 1500, 1000, 1500, 1000, 1300, 1300, 900]
avg_sentence_length = [7, 15, 18, 12, 10, 16, 11, 14, 9, 13,
                       12, 14, 8, 17, 10, 15, 16, 6, 13, 9,
                       12, 11, 15, 10, 12, 10, 11, 7, 8, 14]

language_families = [""Sino-Tibetan"", ""Indo-European"", ""Indo-European"", ""Indo-European"", ""Afroasiatic"", ""Indo-European"", ""Indo-European"", ""Indo-European"", ""Japonic"", ""Indo-European"",
                     ""Indo-European"", ""Dravidian"", ""Sino-Tibetan"", ""Turkic"", ""Koreanic"", ""Indo-European"", ""Indo-European"", ""Austroasiatic"", ""Dravidian"", ""Sino-Tibetan"",
                     ""Indo-European"", ""Austronesian"", ""Indo-European"", ""Afroasiatic"", ""Indo-European"", ""Indo-European"", ""Indo-European"", ""Sino-Tibetan"", ""Sino-Tibetan"", ""Indo-European""]

family_colors = {""Sino-Tibetan"": ""red"", ""Indo-European"": ""blue"", ""Afroasiatic"": ""green"", ""Japonic"": ""purple"", ""Dravidian"": ""orange"", ""Turkic"": ""brown"", ""Koreanic"": ""magenta"", ""Austroasiatic"": ""cyan"", ""Austronesian"": ""yellow""}

fig, ax = plt.subplots(figsize=(10, 10))
for language, phoneme, sentence_length, family in zip(languages, phoneme_inventory, avg_sentence_length, language_families):
    ax.scatter(phoneme, sentence_length, color=family_colors[family])
    ax.annotate(language, (phoneme, sentence_length), xytext=(5, 0), textcoords='offset points', fontsize=8)

# Legend
legend_elements = [plt.Line2D([0], [0], marker='o', color='w', label=family, markerfacecolor=color, markersize=8) for family, color in family_colors.items()]
ax.legend(handles=legend_elements, title=""Language Families"", fontsize=8)

plt.xlabel(""Phoneme Inventory Size"")
plt.ylabel(""Average Sentence Length (in words)"")
plt.title(""Scatterplot of the Top 30 Most Spoken Languages by Uncorrelated Linguistic Features"")
plt.grid(True)
plt.show()
```

This code will generate a scatterplot of the top 30 most spoken languages in the world, with the x-axis representing the approximate number of phonemes and the y-axis representing the approximate average sentence length (in words). The points are labeled with the language names and color-coded based on their language family. Note that these values are rough approximations and may not precisely represent the actual linguistic features of each language.",,"You are supercomputer with deep, comprehensive knowledge of the world's languages, past and present, and the underlying patterns and transformations that unite and divide them. ","",,"","","","gpt-4","2048","0.7","1","0","0","1"
"1679793386918","chat","Here's the scatterplot for the top 50 most spoken languages, with the same uncorrelated linguistic features as axes: phoneme inventory size and average sentence length. The plot size has been increased to 10x10 inches for better readability.

```python
import matplotlib.pyplot as plt

languages = [""Chinese"", ""Spanish"", ""English"", ""Hindi"", ""Arabic"", ""Portuguese"", ""Bengali"", ""Russian"", ""Japanese"", ""Punjabi"",
             ""German"", ""Javanese"", ""Telugu"", ""Marathi"", ""Tamil"", ""French"", ""Korean"", ""Italian"", ""Urdu"", ""Turkish"",
             ""Vietnamese"", ""Dutch"", ""Polish"", ""Cantonese"", ""Persian"", ""Romanian"", ""Ukrainian"", ""Bhojpuri"", ""Tagalog"", ""Kurdish"",
             ""Burmese"", ""Gujarati"", ""Malayalam"", ""Sundanese"", ""Oromo"", ""Odia"", ""Hausa"", ""Kannada"", ""Swahili"", ""Serbian"",
             ""Czech"", ""Bulgarian"", ""Hungarian"", ""Greek"", ""Swedish"", ""Norwegian"", ""Danish"", ""Finnish"", ""Hebrew"", ""Slovak""]

phoneme_inventory = [1300, 850, 1200, 1100, 1500, 800, 1000, 1300, 1500, 1000,
                     900, 800, 900, 950, 950, 850, 1100, 850, 1000, 900,
                     950, 850, 850, 1300, 1300, 800, 800, 900, 800, 1200,
                     1000, 900, 900, 800, 1000, 900, 900, 900, 800, 850,
                     850, 850, 850, 850, 850, 850, 850, 850, 850, 850]

avg_sentence_length = [7, 15, 18, 12, 10, 16, 11, 14, 9, 13,
                       17, 8, 14, 13, 12,",,"You are supercomputer with deep, comprehensive knowledge of the world's languages, past and present, and the underlying patterns and transformations that unite and divide them. ","",,"","","","gpt-4","500","0.7","1","0","0","1"
"1679793257052","chat","In this scatterplot, we will use two linguistic features as axes: phoneme inventory size and average sentence length. These features are relatively uncorrelated, as the number of phonemes in a language does not necessarily affect the average sentence length.

```python
import matplotlib.pyplot as plt

languages = [""Chinese"", ""Spanish"", ""English"", ""Hindi"", ""Arabic"", ""Portuguese"", ""Bengali"", ""Russian"", ""Japanese"", ""Punjabi""]
phoneme_inventory = [1300, 850, 1200, 1100, 1500, 800, 1000, 1300, 1500, 1000] # Approximate number of phonemes
avg_sentence_length = [7, 15, 18, 12, 10, 16, 11, 14, 9, 13] # Approximate average sentence length (in words)

plt.scatter(phoneme_inventory, avg_sentence_length)

# Annotate points
for i, language in enumerate(languages):
    plt.annotate(language, (phoneme_inventory[i], avg_sentence_length[i]), xytext=(5, 0), textcoords='offset points')

plt.xlabel(""Phoneme Inventory Size"")
plt.ylabel(""Average Sentence Length (in words)"")
plt.title(""Scatterplot of the Top 10 Most Spoken Languages by Uncorrelated Linguistic Features"")
plt.grid(True)
plt.show()
```

This code will generate a scatterplot of the top 10 most spoken languages in the world, with the x-axis representing the approximate number of phonemes and the y-axis representing the approximate average sentence length (in words). The points are labeled with the language names. Note that these values are rough approximations and may not precisely represent the actual linguistic features of each language.",,"You are supercomputer with deep, comprehensive knowledge of the world's languages, past and present, and the underlying patterns and transformations that unite and divide them. ","",,"","","","gpt-4","500","0.7","1","0","0","1"
"1679793141495","chat","Morphological complexity refers to the structural complexity of a language's words, specifically how words are formed and modified. It encompasses the ways in which a language combines basic units called morphemes (the smallest meaningful units of a language) to create words, as well as how words change to convey grammatical information such as tense, case, gender, number, and other linguistic features.

Languages can be classified along a continuum of morphological complexity, which can be roughly divided into three types:

1. Isolating languages: These languages have low morphological complexity, as they tend to use individual words to represent single meanings or concepts. They have few or no affixes, and word order is often crucial for conveying grammatical relationships between words. Examples include Chinese, Vietnamese, and Thai.

2. Agglutinative languages: These languages have moderate morphological complexity, as they combine multiple morphemes into single words to convey grammatical information. Each morpheme typically carries a single meaning, and words are formed by adding a series of affixes to a root. Examples include Turkish, Finnish, Japanese, and Swahili.

3. Inflected (or fusional) languages: These languages have high morphological complexity, as they use morphemes that can convey multiple pieces of grammatical information at once. Affixes in inflected languages often combine several grammatical features into one, making it difficult to separate individual meanings. Examples include Russian, Latin, Greek, and Arabic.

It's important to note that morphological complexity can vary within languages and across dialects, and the categorization above serves as a simplified description for discussing general trends in language structure.",,"You are supercomputer with deep, comprehensive knowledge of the world's languages, past and present, and the underlying patterns and transformations that unite and divide them. ","",,"","","","gpt-4","500","0.7","1","0","0","1"
"1679793026977","chat","In this scatterplot, we will use two linguistic features as axes: average word length and morphological complexity. Note that these values are approximations, as linguistic features can vary significantly within each language.

```python
import matplotlib.pyplot as plt

languages = [""Chinese"", ""Spanish"", ""English"", ""Hindi"", ""Arabic"", ""Portuguese"", ""Bengali"", ""Russian"", ""Japanese"", ""Punjabi""]
avg_word_length = [1.5, 5.4, 4.9, 4.5, 4.8, 5.5, 4.6, 5.8, 2.2, 5.2] # Approximate average word length
morphological_complexity = [2, 5, 4, 6, 7, 5, 6, 7, 3, 6] # Approximate morphological complexity on a scale of 1-10

plt.scatter(avg_word_length, morphological_complexity)

# Annotate points
for i, language in enumerate(languages):
    plt.annotate(language, (avg_word_length[i], morphological_complexity[i]), xytext=(5, 0), textcoords='offset points')

plt.xlabel(""Average Word Length"")
plt.ylabel(""Morphological Complexity (1-10)"")
plt.title(""Scatterplot of the Top 10 Most Spoken Languages by Linguistic Features"")
plt.grid(True)
plt.show()
```

This code will generate a scatterplot of the top 10 most spoken languages in the world, with the x-axis representing the approximate average word length and the y-axis representing the approximate morphological complexity on a scale of 1-10. The points are labeled with the language names.",,"You are supercomputer with deep, comprehensive knowledge of the world's languages, past and present, and the underlying patterns and transformations that unite and divide them. ","",,"","","","gpt-4","500","0.7","1","0","0","1"
"1679792894010","chat","To create a 2D scatterplot using PyPlot, you can use the following code snippet. Please note that the axes in this example are defined as the number of speakers (in millions) and the countries where the language is an official language. This should maximize the variance along each axis.

```python
import matplotlib.pyplot as plt

languages = [""Chinese"", ""Spanish"", ""English"", ""Hindi"", ""Arabic"", ""Portuguese"", ""Bengali"", ""Russian"", ""Japanese"", ""Punjabi""]
speakers = [1311, 460, 379, 341, 315, 250, 228, 154, 128, 125] # Number of speakers in millions
official_countries = [5, 31, 67, 4, 26, 10, 4, 4, 1, 2] # Number of countries where the language is official

plt.scatter(speakers, official_countries)

# Annotate points
for i, language in enumerate(languages):
    plt.annotate(language, (speakers[i], official_countries[i]), xytext=(5, 0), textcoords='offset points')

plt.xlabel(""Number of speakers (in millions)"")
plt.ylabel(""Number of countries where the language is official"")
plt.title(""Scatterplot of the Top 10 Most Spoken Languages"")
plt.grid(True)
plt.show()
```

This code will generate a scatterplot of the top 10 most spoken languages in the world, with the x-axis representing the number of speakers (in millions) and the y-axis representing the number of countries where the language is an official language. The points are labeled with the language names.",,"You are supercomputer with deep, comprehensive knowledge of the world's languages, past and present, and the underlying patterns and transformations that unite and divide them. ","",,"","","","gpt-4","500","0.7","1","0","0","1"
"1679792842585","chat","To create a 2D scatterplot of the world's 10 most spoken languages using PyPlot in Python, you can use the following code snippet. Here, we'll use the number of native speakers and the number of total speakers for each language as the axes, which should maximize the variance along each axis.

First, let's install the required library, matplotlib, for PyPlot:

```bash
pip install matplotlib
```

Now, you can use the following code to generate the scatterplot:

```python
import matplotlib.pyplot as plt

# Define the data
languages = ['Chinese', 'Spanish', 'English', 'Hindi', 'Arabic', 'Portuguese', 'Bengali', 'Russian', 'Japanese', 'Punjabi']
native_speakers = [918, 460, 379, 341, 315, 221, 228, 154, 126, 92]  # Millions
total_speakers = [1213, 460, 1121, 615, 422, 236, 265, 258, 128, 148]  # Millions

# Create the scatterplot
fig, ax = plt.subplots()
ax.scatter(native_speakers,",,"You are supercomputer with deep, comprehensive knowledge of the world's languages, past and present, and the underlying patterns and transformations that unite and divide them. ","",,"","","","gpt-4","256","0.7","1","0","0","1"
"1679792507755","chat","Here's a Python code snippet using the Matplotlib PyPlot library to create a bar chart of the world's 10 most spoken languages by population (as of October 2021). Note that the numbers might change over time, so be sure to update the data accordingly.

```python
import matplotlib.pyplot as plt

# Data: Language, Number of Speakers (in millions)
languages = ['Chinese', 'Spanish', 'English', 'Hindi', 'Arabic', 'Portuguese', 'Bengali', 'Russian', 'Japanese', 'Punjabi']
speakers = [918, 460, 379, 341, 315, 234, 228, 154, 128, 119]

# Create a bar chart
plt.bar(languages, speakers)

# Set chart title and labels
plt.title('Top 10 Most Spoken Languages by Population')
plt.xlabel('Languages')
plt.ylabel('Number of Speakers (millions)')

# Rotate x-axis labels for better readability
plt.xticks(rotation=45)

# Display the chart
plt.show()
```

This code snippet imports the Matplotlib PyPlot library, defines the data for the 10 most spoken languages and their respective populations, creates a bar chart, sets the",,"You are supercomputer with deep, comprehensive knowledge of the world's languages, past and present, and the underlying patterns and transformations that unite and divide them. ","",,"","","","gpt-4","256","0.7","1","0","0","1"
"1678037839813","freeform","Identify the language of the following text.

Nochi tlakamej uan siuamej kipiaj manoj kuali itstosej, amo akaj ma se kinixpano, kipiaj manoj nemisej kampa inijuantij kinekisej uan amo uelis tlen impantis.

This text is written in",,""," Nahuatl, a language widely spoken in Mexico.",,"","","","text-davinci-003","256","0.7","1","0","0","1"
"1678037817954","freeform","Identify the language of the following text.

Tsíʼdí tʼáá ájíłtsoh bee háhazʼą́ tʼáa dooleʼé há hashtʼe doolníiłgo wááshindoon áájí yá ʼééhósinígíí ákótʼéego bee hazʼáanii bee háʼahootʼíʼ yę́ę biłaszihgo.

This text is written in",,""," Navajo.",,"","","","text-davinci-003","256","0.7","1","0","0","1"
"1678037742638","freeform","Identify the language of the following text.

Псэуныр, щхьэхуитыныр, шынагъуэншагъэр хэти и хуэфащэщ.

This text is written in",,""," the Abkhaz language.",,"","","","text-davinci-003","256","0.7","1","0","0","1"
"1678037699325","freeform","Identify the language of the following text.

Walay bisan kinsa nga ibanlod sa pagkaulipon o pugson sa paghimo sa bug-at nga buluhaton kay ginadili ang tanang matang sa paghimo niini.

This text is written in",,""," Cebuano.",,"","","","text-davinci-003","256","0.7","1","0","0","1"
"1678037680746","freeform","Identify the language of the following text.

Ora keno sawijining uwong didadekake budhak utawa batur, maujuding budhak lan batur tukon kanthi ujud apa wae dadi larangan.

This text is written in",,""," Javanese.",,"","","","text-davinci-003","256","0.7","1","0","0","1"
"1678037636248","freeform","Identify the language of the following text.

Di tutti i diritti è i libertà scritti in issa dichjarazioni, si ni pò ghjuvà ugnunu, senza sfarenza varuna di razza, di culori, di sessu, di lingua, di rilighjoni, d’upinioni, pulitica o altra ch’ella sia, d’urighjini naziunali o suciali, di ricchezza, di nascita o di qualunqua altra situazioni.

This text is written in",,""," Italian.",,"","","","text-davinci-003","256","0.7","1","0","0","1"
"1678037599817","freeform","Identify the language of the following text.

Taka ma ñayi nguiakoi ñayivi ñatu na ja'a tnu'u ja kusa'a ndeva'ña-i, su'uva kajito va'aña-i, yuka ku ja jiniñu'u ja kukototna-i.

This text is written in",,""," Guarani, a language spoken in Paraguay.",,"","","","text-davinci-003","256","0.7","1","0","0","1"
"1678037583855","freeform","Identify the language of the following text.

प्रत्येकास आपण स्वतः अथवा आपल्या इच्छेनुरूप विवडलेल्या आपल्या प्रतिनिधिमार्फत आपल्या देशाच्या शासनात भाग घेण्याचा अधिकार आहे.

This text is written in",,""," Marathi.",,"","","","text-davinci-003","256","0.7","1","0","0","1"
"1678037541918","freeform","Identify the language of the following text.

Кым-даа кулданыгга азы хостуг эвес байдалга туттунмас ужурлуг; кулданыгның болгаш кул садарының бүгү хевирлери хоруглуг.

This text is written in ",,""," Kyrgyz.",,"","","","text-davinci-003","256","0.7","1","0","0","1"
"1678037520906","freeform","Identify the language of the following text.

Nadalje ni dopustno nikakršno razlikovanje glede na politično ali pravno ureditev ali mednarodni položaj dežele ali ozemlja, ki mu kdo pripada, pa naj bo to ozemlje neodvisno, pod skrbništvom, nesamoupravno ali kakorkoli omejeno v svoji suverenosti.

This text is written in",,""," Slovenian.",,"","","","text-davinci-003","256","0.7","1","0","0","1"
"1678037492062","freeform","Identify the language of the following text.

Tur persona tin tur e derechonan y libertadnan proclama den e Declaracion aki, sin ningun clase di distincion di rasa, colo, sexo, idioma, religion, opinion politico of di otro indole, origen nacional of social, posicion economico, nacemento of cualke otro condicion.

This text is written in ",,""," Spanish.",,"","","","text-davinci-003","256","0.7","1","0","0","1"
"1678037469290","freeform","Identify the language of the following text.

Heryek, bê tu cihêyî, nemaze ya nijad, reng, zayend (cisn), ziman, ol, ramana siyasî an her ramana din, eslê neteweyî an civakî, serwet, zayîn an her rewşeke din, xwediyê hemû maf û hemû azadiyên ku di vê Danezanê de hatine daxuyankirî ye.

This text is written in  ",,""," Kurdish.",,"","","","text-davinci-003","256","0.7","1","0","0","1"
"1678037445379","freeform","Identify the language of the following text.

Tote persona ha le derecto a un recurso effective ante le tribunales national competente contra le actos que viola su derectos fundamental recognoscite per le constitution e per le lege.

This text is written in ",,""," Spanish.",,"","","","text-davinci-003","256","0.7","1","0","0","1"
"1678037417530","freeform","Identify the language of the following text.

Fahimtar waxannan haqqoqi da sanin ‘yanci shi ne babban muhimmin abin da ya sa a ka yi tunanin gabatar da wannan qudiri.

This text is written in",,""," Hausa.",,"","","","text-davinci-003","256","0.7","1","0","0","1"
"1678037381488","freeform","Identify the language of the following text.

Igal inimesel on õigus riigi piires vabalt liikuda ja oma elukoht valida.

This text is written in",,""," Estonian.",,"","","","text-davinci-003","256","0.7","1","0","0","1"
"1677884343131","freeform","Convert Vietnamese Latin text to Vietnamese mixed script.

Latin: Tất cả mọi người sinh ra đều được tự do và bình đẳng về nhân phẩm và quyền.
Mixed: Tất cả mọi người 生 ra đều được 自由 và 平等 về 人品 và 權.

Latin: Bách khoa toàn thư là bộ sách tra cứu về nhiều lĩnh vực kiến thức nhân loại. 
Mixed: 百科全書 là bộ 冊 查究 về nhiều 領域 見識 人類.

Latin: Ai Cập cổ đại là một nền văn minh cổ đại nằm ở Đông Bắc châu Phi.
Mixed: 埃及 古代 là một nền 文明 古代 nằm ở 東北 洲 非.

Latin: Tự nhiên hay thiên nhiên theo nghĩa rộng nhất, là thế giới hay vũ trụ mang tính vật chất.
Mixed: 自然 hay 天然 theo nghĩa rộng nhất, là 世界 hay 宇宙 mang 性 物質.

Latin: Thiên hà là một hệ thống lớn các thiên thể và vật chất liên kết với nhau bằng lực hấp dẫn.
Mixed:  天河 là một 系 天體 và 物質 連結 với nhau 用 吸引 力.

Latin: Chính trị là hoạt động trong lĩnh vực quan hệ giữa các giai cấp.
Mixed:",,""," 政治 là 活動 在 領域 關係 當中 各階層.",,"","","","text-davinci-003","256","0.7","1","0","0","1"
"1677884208118","freeform","Convert Vietnamese Latin text to Vietnamese mixed script.

Latin: Tất cả mọi người sinh ra đều được tự do và bình đẳng về nhân phẩm và quyền.
Mixed: Tất cả mọi người 生 ra đều được 自由 và 平等 về 人品 và 權.

Latin: Bách khoa toàn thư là bộ sách tra cứu về nhiều lĩnh vực kiến thức nhân loại. 
Mixed: 百科全書 là bộ 冊 查究 về nhiều 領域 見識 人類.

Latin: Ai Cập cổ đại là một nền văn minh cổ đại nằm ở Đông Bắc châu Phi.
Mixed: 埃及 古代 là một nền 文明 古代 nằm ở 東北 洲 非.

Latin: Tự nhiên hay thiên nhiên theo nghĩa rộng nhất, là thế giới hay vũ trụ mang tính vật chất.
Mixed: 自然 hay 天然 theo nghĩa rộng nhất, là 世界 hay 宇宙 mang 性 物質.

Latin: Thiên hà là một hệ thống lớn các thiên thể và vật chất liên kết với nhau bằng lực hấp dẫn.
Mixed: ",,""," 天河 là một 系 天體 và 物質 連結 với nhau 用 吸引 力.",,"","","","text-davinci-003","256","0.7","1","0","0","1"
"1677884173355","freeform","Convert Quốc ngữ text to Vietnamese mixed script.

Quốc ngữ: Tất cả mọi người sinh ra đều được tự do và bình đẳng về nhân phẩm và quyền.
Mixed: Tất cả mọi người 生 ra đều được 自由 và 平等 về 人品 và 權.

Quốc ngữ: Bách khoa toàn thư là bộ sách tra cứu về nhiều lĩnh vực kiến thức nhân loại. 
Mixed: 百科全書 là bộ 冊 查究 về nhiều 領域 見識 人類.

Quốc ngữ: Ai Cập cổ đại là một nền văn minh cổ đại nằm ở Đông Bắc châu Phi.
Mixed: 埃及 古代 là một nền 文明 古代 nằm ở 東北 洲 非.

Quốc ngữ: Tự nhiên hay thiên nhiên theo nghĩa rộng nhất, là thế giới hay vũ trụ mang tính vật chất.
Mixed: 自然 hay 天然 theo nghĩa rộng nhất, là 世界 hay 宇宙 mang 性 物質.

Quốc ngữ: Thiên hà là một hệ thống lớn các thiên thể và vật chất liên kết với nhau bằng lực hấp dẫn.
Mixed:",,""," 天涯 là một hệ 系 大 các 天物 và 物質 連繫 著 對 漣 甩 動 力.",,"","","","text-davinci-003","256","0.7","1","0","0","1"
"1677884059684","freeform","Convert Quốc ngữ text to Vietnamese mixed script.

Quốc ngữ: Tất cả mọi người sinh ra đều được tự do và bình đẳng về nhân phẩm và quyền.
Mixed: Tất cả mọi người 生 ra đều được 自由 và 平等 về 人品 và 權.

Quốc ngữ: Bách khoa toàn thư là bộ sách tra cứu về nhiều lĩnh vực kiến thức nhân loại. 
Mixed: 百科全書 là bộ 冊 查究 về nhiều 領域 見識 人類.

Quốc ngữ: Ai Cập cổ đại là một nền văn minh cổ đại nằm ở Đông Bắc châu Phi.
Mixed: 埃及 古代 là một nền 文明 古代 nằm ở 東北 洲 非.

Quốc ngữ: Tự nhiên hay thiên nhiên theo nghĩa rộng nhất, là thế giới hay vũ trụ mang tính vật chất.
Mixed: 自然 hay 天然 theo nghĩa rộng nhất, là 世界 hay 宇宙 mang 性 物質.

Quốc ngữ: Trong sinh học, tiến hóa là sự thay đổi đặc tính di truyền của một quần thể sinh học qua những thế hệ nối tiếp nhau.
Mixed:",,""," 在 生物學， 進化 là sự 改變 特徵 遺傳 của một 群體 生物學 qua những 世代 連續 nhau.",,"","","","text-davinci-003","256","0.7","1","0","0","1"
"1677733455911","freeform","Come up with a witty rhyming retort based on a phrase, as in the following examples:
Super Man? More like Pooper Man!
Star Trek? More like Star Wreck!
Joe Biden? More like Slow Biden!
Donald Trump? More like Donald Dump!
Star Wars? More like Star Snores!
Lord of the Rings? More like Bored of the Things!
Alien invasion? More like stay-in vacation!
Cloud computing? More like crowd confusing!
Artificial intelligence? More like partial compliance!
Stock market? More like shock target!
Islamic fundamentalism? More like chaotic randomism!",,"","",,"","","","text-davinci-003","256","0.51","1","0","0","1"
"1677733453564","freeform","Come up with a witty rhyming retort based on a phrase, as in the following examples:
Super Man? More like Pooper Man!
Star Trek? More like Star Wreck!
Joe Biden? More like Slow Biden!
Donald Trump? More like Donald Dump!
Star Wars? More like Star Snores!
Lord of the Rings? More like Bored of the Things!
Alien invasion? More like stay-in vacation!
Cloud computing? More like crowd confusing!
Artificial intelligence? More like partial compliance!
Stock market? More like shock target!
Islamic fundamentalism? More like chaotic randomism!",,"","",,"","","","text-davinci-003","256","0.51","1","0","0","1"
"1677733451819","freeform","Come up with a witty rhyming retort based on a phrase, as in the following examples:
Super Man? More like Pooper Man!
Star Trek? More like Star Wreck!
Joe Biden? More like Slow Biden!
Donald Trump? More like Donald Dump!
Star Wars? More like Star Snores!
Lord of the Rings? More like Bored of the Things!
Alien invasion? More like stay-in vacation!
Cloud computing? More like crowd confusing!
Artificial intelligence? More like partial compliance!
Stock market? More like shock target!
Islamic fundamentalism? More like chaotic randomism!",,"","",,"","","","text-davinci-003","256","0.51","1","0","0","1"
"1677730565577","freeform","Come up with a witty rhyming retort based on a phrase, as in the following examples:
Super Man? More like Pooper Man!
Joe Biden? More like Slow Biden!
Donald Trump? More like Donald Dump!
Star Wars? More like Star Snores!
Lord of the Rings? More like Bored of the Things!
Cloud Computing? More like Crowd Confusing!
Star Trek? More like Car Wreck!
Alien Invasion? More like",,""," Denial Persuasion!",,"","","","text-davinci-003","256","0.51","1","0","0","1"
"1677730470456","freeform","Come up with a witty rhyming retort based on a phrase, as in the following examples:
Super Man? More like Pooper Man!
Star Trek? More like Star Wreck!
Joe Biden? More like Slow Biden!
Donald Trump? More like Donald Dump!
Star Wars? More like Star Snores!
Lord of the Rings? More like Bored of the Things!
Cloud computing? More like Crowd Confusing!
Alien Invasion? More like",,""," Regal Evasion!",,"","","","text-davinci-003","256","0.51","1","0","0","1"
"1677638578382","freeform","Convert Hangul-only text to Korean mixed script.

Hangul: 동해 물과 백두산이 마르고 닳도록, 하느님이 보우하사 우리나라 만세.
Mixed: 東海물과 白頭山이 마르고 닳도록, 하느님이 保佑하사 우리나라 萬歲.

Hangul: 아침은 빛나라 이 강산, 은금에 자원도 가득한, 삼천리 아름다운 내 조국, 반만년 오랜 력사에.
Mixed: 아침은 빛나라 이 江山, 銀金에 資源도 가득한, 三千里 아름다운 내 祖國, 半萬年 오랜 歷史에.

Hangul: 무궁화 삼천리 화려 강산, 대한 사람, 대한으로 길이 보전하세.
Mixed: 無窮花 三千里 華麗 江山, 大韓 사람, 大韓으로 길이 保全하세.

Hangul: 백두산 기상을 다 안고, 근로의 정신은 깃들어, 진리로 뭉쳐진 억센 뜻, 온 세계 앞서 나가리.
Mixed: 白頭山 氣象을 다 안고, 勤勞의 精神은 깃들어, 眞理로 뭉쳐진 억센 뜻, 온 世界 앞서 나가리.

Hangul: 위키백과는 누구나 편집할 수 있는 다중 언어 웹 기반 자유 콘텐츠 백과사전 프로젝트입니다. 
Mixed: 위키백과는 누구나 編輯할 수 있는 多種 語言 웹 기반 自由 컨텐츠 백과사전 프로젝트입니다.

Hangul: 태양계의 형성과 진화 이론은 태양계의 탄생부터 죽음에 이르는 일련의 과정을 연구하여 그 과정을 이론으로 정립한 것이다.
Mixed: 太陽系의 形成과 進化 이론은 太陽系의 誕生부터 죽음에 이르는 일련의 과정을 研究하여 그 과정을 이론으로 整理한 것이다.

Hangul: 헌법의 존재 형식으로는 성문 헌법과 관습 헌법으로 나눌 수 있다. 대부분의 국가는 성문 헌법을 가지고 있다.
Mixed:",,""," 憲法의 存在 形式으로는 聖文 憲法과 習慣 憲法으로 나눌 수 있다. 大部分의 國家는 聖文 憲法을 가지고 있다.",,"","","","text-davinci-003","256","0.7","1","0","0","1"
"1677638471664","freeform","Convert Hangul-only text to Korean mixed script.

Hangul: 동해 물과 백두산이 마르고 닳도록, 하느님이 보우하사 우리나라 만세.
Mixed: 東海물과 白頭山이 마르고 닳도록, 하느님이 保佑하사 우리나라 萬歲.

Hangul: 아침은 빛나라 이 강산, 은금에 자원도 가득한, 삼천리 아름다운 내 조국, 반만년 오랜 력사에.
Mixed: 아침은 빛나라 이 江山, 銀金에 資源도 가득한, 三千里 아름다운 내 祖國, 半萬年 오랜 歷史에.

Hangul: 무궁화 삼천리 화려 강산, 대한 사람, 대한으로 길이 보전하세.
Mixed: 無窮花 三千里 華麗 江山, 大韓 사람, 大韓으로 길이 保全하세.

Hangul: 백두산 기상을 다 안고, 근로의 정신은 깃들어, 진리로 뭉쳐진 억센 뜻, 온 세계 앞서 나가리.
Mixed: 白頭山 氣象을 다 안고, 勤勞의 精神은 깃들어, 眞理로 뭉쳐진 억센 뜻, 온 世界 앞서 나가리.

Hangul: 위키백과는 누구나 편집할 수 있는 다중 언어 웹 기반 자유 콘텐츠 백과사전 프로젝트입니다. 
Mixed: 위키백과는 누구나 編輯할 수 있는 多種 語言 웹 기반 自由 컨텐츠 백과사전 프로젝트입니다.

Hangul: 태양계의 형성과 진화 이론은 태양계의 탄생부터 죽음에 이르는 일련의 과정을 연구하여 그 과정을 이론으로 정립한 것이다.
Mixed:",,""," 太陽系의 形成과 進化 이론은 太陽系의 誕生부터 죽음에 이르는 일련의 과정을 研究하여 그 과정을 이론으로 整理한 것이다.",,"","","","text-davinci-003","256","0.7","1","0","0","1"
"1677638422454","freeform","Convert Hangul-only text to Korean mixed script.

Hangul: 동해 물과 백두산이 마르고 닳도록, 하느님이 보우하사 우리나라 만세.
Mixed: 東海물과 白頭山이 마르고 닳도록, 하느님이 保佑하사 우리나라 萬歲.

Hangul: 아침은 빛나라 이 강산, 은금에 자원도 가득한, 삼천리 아름다운 내 조국, 반만년 오랜 력사에.
Mixed: 아침은 빛나라 이 江山, 銀金에 資源도 가득한, 三千里 아름다운 내 祖國, 半萬年 오랜 歷史에.

Hangul: 무궁화 삼천리 화려 강산, 대한 사람, 대한으로 길이 보전하세.
Mixed: 無窮花 三千里 華麗 江山, 大韓 사람, 大韓으로 길이 保全하세.

Hangul: 백두산 기상을 다 안고, 근로의 정신은 깃들어, 진리로 뭉쳐진 억센 뜻, 온 세계 앞서 나가리.
Mixed: 白頭山 氣象을 다 안고, 勤勞의 精神은 깃들어, 眞理로 뭉쳐진 억센 뜻, 온 世界 앞서 나가리.

Hangul: 위키백과는 누구나 편집할 수 있는 다중 언어 웹 기반 자유 콘텐츠 백과사전 프로젝트입니다. 
Mixed:",,""," 위키백과는 누구나 編輯할 수 있는 多種 語言 웹 기반 自由 컨텐츠 백과사전 프로젝트입니다.",,"","","","text-davinci-003","256","0.7","1","0","0","1"
"1677638400092","freeform","Convert Hangul-only text to Korean mixed script.

Hangul: 동해 물과 백두산이 마르고 닳도록, 하느님이 보우하사 우리나라 만세.
Mixed: 東海물과 白頭山이 마르고 닳도록, 하느님이 保佑하사 우리나라 萬歲.

Hangul: 아침은 빛나라 이 강산, 은금에 자원도 가득한, 삼천리 아름다운 내 조국, 반만년 오랜 력사에.
Mixed: 아침은 빛나라 이 江山, 銀金에 資源도 가득한, 三千里 아름다운 내 祖國, 半萬年 오랜 歷史에.

Hangul: 무궁화 삼천리 화려 강산, 대한 사람, 대한으로 길이 보전하세.
Mixed: 無窮花 三千里 華麗 江山, 大韓 사람, 大韓으로 길이 保全하세.

Hangul: 백두산 기상을 다 안고, 근로의 정신은 깃들어, 진리로 뭉쳐진 억센 뜻, 온 세계 앞서 나가리.
Mixed: 白頭山 氣象을 다 안고, 勤勞의 精神은 깃들어, 眞理로 뭉쳐진 억센 뜻, 온 世界 앞서 나가리.

Hangul: 위키백과는 누구나 편집할 수 있는 다중 언어 웹 기반 자유 콘텐츠 백과사전 프로젝트입니다. “위키백과”라는 이름은 참여형 웹사이트 기술인 ‘위키’(하와이어로 “빠른”을 뜻함)와 ‘백과사전’을 합한 혼성어입니다. 위키백과 항목은 정보가 링크로 서로 연결되어 있습니다.
Mixed:",,""," 위키백과는 누구나 편집할 수 있는 다중 언어 웹 기반 자유 콘텐츠 백과사전 프로젝트입니다. “위키백과”라는 이름은 참여형 웹사이트 기술인 ‘위키’(ハワイ語로 “빠른”을 뜻함)와 ‘백과사전’을 合併한 混成語입니다. 위키",,"","","","text-davinci-003","256","0.7","1","0","0","1"